id,franking_percentage,notes,payable_date,dividend_per_share,ex_dividend_date,dividend_date,symbol,divident_type
,1,2C FRANKED @30%,2017-09-25,0.02,2017-08-31,2017-09-01,8EC,Final
,1,1C FRANKED @30%,2018-04-06,0.01,2018-03-05,2018-03-06,8EC,Interim
,0,SGD 0.25C PER CDI,2017-09-01,0.002328,2017-08-11,2017-08-14,8IH,Final
,0,DRP NIL DISCOUNT,2017-07-18,0.082856,2017-07-03,2017-07-04,AAA,Final
,0,DRP NIL DISCOUNT,2017-08-16,0.085683,2017-08-01,2017-08-02,AAA,Interim
,0,DRP NIL DISCOUNT,2017-09-18,0.085415,2017-09-01,2017-09-04,AAA,Interim
,0,DRP NIL DISCOUNT,2017-10-17,0.079952,2017-10-02,2017-10-03,AAA,Interim
,0,DRP NIL DISCOUNT,2017-11-16,0.08781,2017-11-01,2017-11-02,AAA,Interim
,0,DRP NIL DISCOUNT,2017-12-18,0.082735,2017-12-01,2017-12-04,AAA,Interim
,0,DRP NIL DISCOUNT,2018-01-17,0.080259,2018-01-02,2018-01-03,AAA,Interim
,0,DRP NIL DISCOUNT,2018-02-16,0.091339,2018-02-01,2018-02-02,AAA,Interim
,0,DRP NIL DISCOUNT,2018-03-16,0.077624,2018-03-01,2018-03-02,AAA,Interim
,0,EST 8.011731C; DRP N IL DISCOUNT,2018-04-18,0.080117,2018-04-03,2018-04-04,AAA,Interim
,0,DRP,2017-08-31,0.0875,2017-07-06,2017-07-07,ABP,Final
,0,DRP,2018-02-28,0.09,2018-01-17,2018-01-18,ABP,Interim
,0,DRP NIL DISCOUNT,2017-08-11,0.0082,2017-06-29,2017-06-30,ABW,Final
,0,DRP NIL DISCOUNT,2017-10-19,0.0069,2017-09-28,2017-09-29,ABW,Interim
,0,DRP NIL DISCOUNT,2018-01-18,0.0069,2017-12-28,2017-12-29,ABW,Interim
,0,DRP NIL DISCOUNT,2018-04-19,0.0065,2018-03-28,2018-03-29,ABW,Interim
,1,2C FRANKED @ 30%; DR P,2017-09-29,0.02,2017-09-11,2017-09-12,ACQ,Final
,1,2.7C FRANKED @ 30%;  DRP,2018-05-21,0.027,2018-05-02,2018-05-03,ACQ,Interim
,1,2.5C FRANKED@30%; DR P SUSPENDED,2017-12-06,0.025,2017-11-22,2017-11-23,AEG,Final
,1,2C FRANKED@30%; DRP  NIL DISCOUNT,2018-05-18,0.02,2018-03-29,2018-04-03,AEG,Interim
,1,14C FRANKED @ 30%; D RP & DSSP NIL DISC,2017-08-30,0.14,2017-08-08,2017-08-09,AFI,Final
,1,10C FRANKED @ 30%; D RP & DSSP NIL DISC,2018-02-23,0.1,2018-02-08,2018-02-09,AFI,Interim
,0,DRP NIL DISCOUNT,2017-08-11,0.0154,2017-06-29,2017-06-30,AIB,Final
,0,DRP NIL DISCOUNT,2017-10-19,0.0124,2017-09-28,2017-09-29,AIB,Interim
,0,DRP NIL DISCOUNT,2018-01-18,0.0123,2017-12-28,2017-12-29,AIB,Interim
,0,DRP NIL DISCOUNT,2018-04-19,0.0113,2018-03-28,2018-03-29,AIB,Interim
,0,EST 2.43C,2017-08-28,0.0243,2017-06-29,2017-06-30,AJD,Final
,0,EST 5C,2018-01-25,0.05,2017-12-28,2017-12-29,AJD,Interim
,0,EST 2C,2018-04-24,0.02,2018-03-28,2018-03-29,AJD,Interim
,0,UNFRANKED; NIL CFI;  DRP NIL DISC,2017-09-29,0.025,2017-09-08,2017-09-11,ALI,Final
,0,UNFRANKED; NIL CFI;  DRP NIL DISC,2018-03-23,0.0125,2018-03-02,2018-03-05,ALI,Interim
,1,2C FRANKED @30%; DRP,2017-07-28,0.02,2017-06-23,2017-06-26,ALR,Final
,1,1C FRANKED @30%; DRP,2017-10-27,0.01,2017-10-06,2017-10-09,ALR,Interim
,1,1C FRANKED @30%; DRP,2018-02-02,0.01,2018-01-05,2018-01-08,ALR,Interim
,1,1.25C FRANKED @30%;  DRP,2018-05-04,0.0125,2018-04-06,2018-04-09,ALR,Interim
,1,3.5C FRANKED@27.5%;  DRP; 2.14C LIC CG,2017-08-24,0.035,2017-08-07,2017-08-08,AMH,Final
,0,DRP NIL DISCOUNT,2017-07-28,0.0149,2017-06-29,2017-06-30,AOD,Final
,0.77,0.24C FRANKED@30%; D RP,2017-08-18,0.0031,2017-07-28,2017-07-31,AOD,Interim
,1,0.31C FRANKED@30%; D RP NIL DISCOUNT,2017-09-13,0.0031,2017-08-30,2017-08-31,AOD,Interim
,1,0.31C FRANKED@30%; D RP NIL DISCOUNT,2017-10-12,0.0031,2017-09-28,2017-09-29,AOD,Interim
,1,0.33C FRANKED@30%; D RP NIL DISCOUNT,2017-11-15,0.0033,2017-10-30,2017-10-31,AOD,Interim
,0.48,0.16C FRANKED@30%; D RP NIL DISCOUNT,2017-12-13,0.0033,2017-11-29,2017-11-30,AOD,Interim
,0.52,0.17C FRANKED@30%; D RP NIL DISCOUNT,2018-01-18,0.0033,2017-12-28,2017-12-29,AOD,Interim
,0.38,0.12C FRANKED@30%; D RP NIL DISCOUNT,2018-02-15,0.0032,2018-01-30,2018-01-31,AOD,Interim
,0,UNFRANKED; DRP NIL D ISCOUNT,2018-03-15,0.0033,2018-02-27,2018-02-28,AOD,Interim
,1,0.32C FRANKED@30%; D RP NIL DISCOUNT,2018-04-19,0.0032,2018-03-28,2018-03-29,AOD,Interim
,0.2,4.6667C FR@30%; 14.4 577C TAX DEF;DRP SUS,2017-09-13,0.23,2017-06-29,2017-06-30,APA,Final
,0.28,5.8333C FR@30%; 9.66 45C TAX DEF;DRP SUSP,2018-03-14,0.21,2017-12-28,2017-12-29,APA,Interim
,0,100% TAX DEFERRED,2017-09-15,0.015059,2017-06-29,2017-06-30,APW,Final
,0,,2017-12-15,0.011707,2017-09-28,2017-09-29,APW,Interim
,0,100% TAX DEFERRED,2018-03-16,0.004926,2017-12-28,2017-12-29,APW,Interim
,0,,2018-06-15,0.008001,2018-03-28,2018-03-29,APW,Interim
,0,DRP SUSPENDED,2017-08-29,0.025,2017-06-27,2017-06-28,APZ,Final
,0,SPECIAL; DRP SUSPEND ED,2017-10-20,0.05,2017-10-04,2017-10-05,APZ,Interim
,0,DRP SUSPENDED,2018-02-27,0.021,2017-12-28,2017-12-29,APZ,Interim
,1,3C FRANKED @ 30%; DR P,2017-09-25,0.03,2017-08-25,2017-08-28,AQF,Final
,1,3C FRANKED @30%; SPE CIAL; DRP,2018-01-12,0.03,2017-11-24,2017-11-27,AQF,Interim
,1,5C FRANKED @30%; 2C  SPECIAL; DRP,2018-03-29,0.05,2018-03-02,2018-03-05,AQF,Interim
,0,0.9357C TAX DEFERRED ; DRP,2017-08-10,0.03075,2017-06-29,2017-06-30,ARF,Final
,0,DRP,2017-11-09,0.032,2017-09-28,2017-09-29,ARF,Interim
,0,1.109C TAX DEFERRED;  DRP,2018-02-08,0.032,2017-12-28,2017-12-29,ARF,Interim
,0,DRP,2018-05-10,0.032,2018-03-28,2018-03-29,ARF,Interim
,1,16C FRANKED@30%;5C L IC CG;DRP,2017-09-15,0.16,2017-08-25,2017-08-28,ARG,Final
,1,15.5C FRANKED@30%;DR P,2018-03-09,0.155,2018-02-16,2018-02-19,ARG,Interim
,0,UNFRANKED;NIL CFI;DR P NIL DISC,2017-12-21,0.0463,2017-11-20,2017-11-21,AST,Interim
,1,1.1C FRANKED @ 30%;  DRP,2017-09-25,0.011,2017-08-29,2017-08-30,AUF,Final
,1,1.1C FRANKED @ 30%;  DRP,2018-03-29,0.011,2018-02-27,2018-02-28,AUF,Interim
,1,18.5C FRANKED@30%; D RP NIL DISCOUNT,2017-09-22,0.185,2017-08-30,2017-08-31,AUI,Final
,1,16C FRANKED@30%; DRP  NIL DISCOUNT,2018-03-14,0.16,2018-02-22,2018-02-23,AUI,Interim
,0,DRP NIL DISCOUNT,2017-07-28,0.1,2017-06-29,2017-06-30,AUP,Final
,0,DRP NIL DISCOUNT,2017-10-12,0.0932,2017-09-28,2017-09-29,AUP,Interim
,0,DRP NIL DISCOUNT,2018-01-18,0.0895,2017-12-28,2017-12-29,AUP,Interim
,0,DRP NIL DISCOUNT,2018-04-19,0.0868,2018-03-28,2018-03-29,AUP,Interim
,0.4,3.53938C FRANKED@30% ; DRP NIL DISCOUNT,2017-07-17,0.0875,2017-06-29,2017-06-30,AYF,Final
,0.46,4.013625C FRANKED@30 %; DRP NIL DISCOUNT,2017-10-16,0.0875,2017-09-28,2017-09-29,AYF,Interim
,0.43,3.7695C FRANKED@30%;  DRP SUSPENDED,2018-01-15,0.0875,2017-12-28,2017-12-29,AYF,Interim
,0.5,4.3951C FRANKED@30%;  DRP SUSPENDED,2018-04-16,0.0875,2018-03-28,2018-03-29,AYF,Interim
,0.05,2.4C FRANKED @ 27.5% ; NIL CFI,2017-08-28,0.48,2017-08-10,2017-08-11,AYJ,Final
,0.05,2.6C FRANKED @ 30%;  NIL CFI,2017-11-30,0.52,2017-11-17,2017-11-20,AYJ,Interim
,0,UNFRANKED; NIL CFI S PECIAL,2018-03-09,0.53,2018-03-01,2018-03-02,AYJ,Interim
,0.9,30.6C FRANKED @ 27.5 %; NIL CFI,2017-08-28,0.34,2017-08-10,2017-08-11,AYK,Final
,0.9,25.2C FRANKED @ 30%;  NIL CFI,2017-11-30,0.28,2017-11-17,2017-11-20,AYK,Interim
,1,28C FRANKED @ 30%; N IL CFI,2018-03-09,0.28,2018-03-01,2018-03-02,AYK,Interim
,0.6,41.4C FRANKED @ 27.5 %; NIL CFI,2017-08-28,0.69,2017-08-10,2017-08-11,AYZ,Final
,1,44C FRANKED @ 30%,2017-11-30,0.44,2017-11-17,2017-11-20,AYZ,Interim
,1,53C FRANKED @ 30%,2018-03-09,0.53,2018-03-01,2018-03-02,AYZ,Interim
,1,4C FRANKED @ 30%; DR P,2017-09-18,0.04,2017-08-25,2017-08-28,BAF,Final
,1,1C FRANKED @ 30%; DR P,2018-03-27,0.01,2018-03-01,2018-03-02,BAF,Interim
,1,0.5C FRANKED@27.5%;  DRP,2017-08-31,0.005,2017-08-16,2017-08-17,BEL,Final
,1,0.5C FRANKED@27.5%;  DRP,2018-01-25,0.005,2018-01-11,2018-01-12,BEL,Interim
,0.1,1.2C FRANKED @ 30%;  SPECIAL; DRP,2018-03-09,0.12,2018-02-08,2018-02-09,BHD,Interim
,1,3.7C FRANKED @ 30%;  DRP NIL DISCOUNT,2017-08-23,0.037,2017-08-04,2017-08-07,BKI,Final
,1,3.625C FRANKED @ 30% ; DRP NIL DISCOUNT,2018-02-28,0.03625,2018-02-12,2018-02-13,BKI,Interim
,1,1.5C FRANKED@30%; DR P NIL DISCOUNT,2017-09-22,0.015,2017-09-05,2017-09-06,BST,Final
,1,1.25C FRANKED@30%; D RP NIL DISCOUNT,2018-03-23,0.0125,2018-03-08,2018-03-09,BST,Interim
,1,1.8C FRANKED @ 30%,2017-10-20,0.018,2017-09-28,2017-09-29,BWF,Final
,1,1.9C FRANKED @ 27.5%,2018-04-11,0.019,2018-03-20,2018-03-21,BWF,Interim
,0,2.0774C TAX DEF; DRP  NIL DISCOUNT,2017-08-25,0.0888,2017-06-29,2017-06-30,BWP,Final
,0,0.6157C TAX DEF; DRP  NIL DISCOUNT,2018-02-23,0.0878,2017-12-28,2017-12-29,BWP,Interim
,0,100% TAX DEFERRED,2017-10-18,0.065,2017-09-26,2017-09-27,BWR,Final
,0,100% TAX DEFERRED,2018-04-09,0.05,2018-03-16,2018-03-19,BWR,Interim
,1,1.25C FRANKED @ 30%;  DRP,2017-07-28,0.0125,2017-07-06,2017-07-07,CAM,Final
,1,1.25C FRANKED @ 30%;  DRP,2017-10-27,0.0125,2017-10-03,2017-10-04,CAM,Interim
,1,1.25C FRANKED @ 30%;  DRP,2018-01-25,0.0125,2018-01-03,2018-01-04,CAM,Interim
,1,1.25C FRANKED @ 30%;  DRP,2018-04-27,0.0125,2018-04-03,2018-04-04,CAM,Interim
,1,1.55C FRANKED @27.5% ; DRP,2017-11-16,0.0155,2017-11-07,2017-11-08,CBC,Final
,1,1.5C FRANKED @27.5%;  DRP,2018-05-24,0.015,2018-05-03,2018-05-04,CBC,Interim
,0,"18C SPECIAL; UNFRANK ED, NIL CFI",2017-11-21,0.18,2017-11-13,2017-11-14,CD1,Interim
,0,23C SPECIAL,2017-11-21,0.23,2017-11-13,2017-11-14,CD2,Interim
,1,4C FRANKED @ 30%; DR P,2017-09-18,0.04,2017-09-08,2017-09-11,CDM,Final
,1,4C FRANKED @ 30%; DR P,2018-04-23,0.04,2018-04-09,2018-04-10,CDM,Interim
,0.05,1.028579C FR@30%; 7. 551331C TAX DEF,2017-08-31,0.201,2017-06-29,2017-06-30,CDP,Final
,0,,2018-02-28,0.201,2017-12-28,2017-12-29,CDP,Interim
,0,DRP SUSPENDED,2017-08-31,0.156,2017-06-29,2017-06-30,CHC,Final
,0.4,6.2C FRANKED@30%;9.4 C TAX DEF; DRP SUSP,2018-02-28,0.156,2017-12-28,2017-12-29,CHC,Interim
,0.5,1.75C FRANKED @ 30%;  NIL CFI; DRP,2017-10-05,0.035,2017-09-25,2017-09-26,CIE,Final
,0.5,0.8C FRANKED @ 30%;  NIL CFI; DRP,2017-12-21,0.016,2017-12-11,2017-12-12,CIE,Interim
,0.5,0.8C FRANKED @ 30%;  NIL CFI; DRP,2018-04-20,0.016,2018-04-10,2018-04-11,CIE,Interim
,1,68C FRANKED @30%; DR P SUSPENDED,2017-09-25,0.68,2017-08-31,2017-09-01,CIN,Final
,1,51C FRANKED @30%; DR P SUSPENDED,2018-03-20,0.51,2018-02-28,2018-03-01,CIN,Interim
,0,5.2213C TAX DEFERRED ; DRP,2017-08-14,0.064,2017-06-29,2017-06-30,CLW,Final
,0,DRP,2017-11-15,0.065,2017-09-28,2017-09-29,CLW,Interim
,0,DRP SUSPENDED,2018-02-14,0.065,2017-12-28,2017-12-29,CLW,Interim
,0,DRP SUSPENDED,2018-05-15,0.066,2018-03-28,2018-03-29,CLW,Interim
,0,EST 4.375C; DRP SUSP ENDED,2017-07-28,0.04375,2017-06-27,2017-06-28,CMA,Final
,0,DRP,2017-10-31,0.04525,2017-09-28,2017-09-29,CMA,Interim
,0,DRP,2018-01-31,0.04525,2017-12-28,2017-12-29,CMA,Interim
,0,DRP SUSPENDED,2018-04-27,0.04525,2018-03-28,2018-03-29,CMA,Interim
,0,0.000167C FR@30%; 0. 608726C TAX DEF;DRP,2017-08-18,0.02085,2017-06-29,2017-06-30,CMW,Final
,0,DRP NIL DISCOUNT,2017-11-17,0.02085,2017-09-28,2017-09-29,CMW,Interim
,0,DRP NIL DISCOUNT,2018-02-23,0.02085,2017-12-28,2017-12-29,CMW,Interim
,0,DRP NIL DISCOUNT,2018-05-25,0.02085,2018-03-28,2018-03-29,CMW,Interim
,0,DRP SUSPENDED,2017-08-31,0.14,2017-06-29,2017-06-30,CQR,Final
,0,DRP SUSPENDED,2018-02-28,0.14,2017-12-28,2017-12-29,CQR,Interim
,0,DRP SUSPENDED,2017-11-30,0.0325,2017-09-28,2017-09-29,CRR,Interim
,0,DRP SUSPENDED,2018-02-28,0.0488,2017-12-28,2017-12-29,CRR,Interim
,0,,2018-05-31,0.05,2018-03-28,2018-03-29,CRR,Interim
,1,3.5C FRANKED@30%; DR P NIL DISCOUNT,2017-09-29,0.035,2017-09-04,2017-09-05,CVF,Final
,1,4C FRANKED@30%; DRP  NIL DISCOUNT,2018-04-05,0.04,2018-03-05,2018-03-06,CVF,Interim
,1,2.09C FRANKED @ 30%,2018-03-28,0.0209,2018-03-06,2018-03-07,CYA,Interim
,0.75,1.725C FRANKED@30%;N IL CFI; DRP,2017-11-16,0.023,2017-11-01,2017-11-02,D2O,Interim
,0.6,1.44C FRANKED@30%; N IL CFI; DRP,2018-04-18,0.024,2018-03-13,2018-03-14,D2O,Interim
,0.55,9.6644C FRANKED@30%;  0.549C CFI; DRP,2017-07-14,0.175784,2017-06-29,2017-06-30,DIV,Final
,0.89,29.981399C FR@30%; 1 .9539C CFI; DRP,2017-10-16,0.335879,2017-09-28,2017-09-29,DIV,Interim
,0.61,7.0248C FR@30%; 0.96 06C CFI; DRP,2018-01-15,0.115437,2017-12-28,2017-12-29,DIV,Interim
,1,10C FRANKED @30%; 7. 14C LIC CG; DRP,2017-08-25,0.1,2017-08-04,2017-08-07,DJW,Final
,1,10C FRANKED @30%; 7. 14C LIC CG; DRP,2018-02-21,0.1,2018-01-29,2018-01-30,DJW,Interim
,1,8C FRANKED @ 30%; DR P NIL DISCOUNT,2017-09-22,0.08,2017-08-30,2017-08-31,DUI,Final
,1,6.5C FRANKED @ 30%;  DRP NIL DISCOUNT,2018-03-14,0.065,2018-02-22,2018-02-23,DUI,Interim
,0.21,4.916579C FR@30%;DRP  SUSPENDED,2017-08-29,0.2376,2017-06-29,2017-06-30,DXS,Final
,0,DRP SUSPENDED,2018-02-28,0.237,2017-12-28,2017-12-29,DXS,Interim
,1,1.5C FRANKED @ 27.5% ; DRP,2017-10-06,0.015,2017-09-05,2017-09-06,EGI,Final
,1,2.5C FRANKED @ 27.5% ;1C SPECIAL; DRP,2018-05-18,0.025,2018-04-24,2018-04-26,EGI,Interim
,0,1.83C TAX DEFERRED;  DRP,2017-08-01,0.03,2017-06-29,2017-06-30,EMF,Final
,0,DRP,2018-02-05,0.03,2017-12-28,2017-12-29,EMF,Interim
,0,DRP SUSPENDED,2017-09-01,0.050008,2017-06-29,2017-06-30,ERF,Final
,0,DRP SUSPENDED,2018-03-02,0.051507,2017-12-28,2017-12-29,ERF,Interim
,0.68,20.8648C FR@30%;0.02 36C CFI;DRP NIL DISC,2018-01-15,0.304671,2017-12-28,2017-12-29,ETF,Interim
,0,DRP,2017-07-20,0.0355,2017-06-29,2017-06-30,FET,Final
,0,DRP,2017-10-20,0.03775,2017-09-28,2017-09-29,FET,Interim
,0,DRP,2018-01-22,0.03775,2017-12-28,2017-12-29,FET,Interim
,0,DRP,2018-04-20,0.03775,2018-03-28,2018-03-29,FET,Interim
,1,1C FRANKED@27.5%; DR P NIL DISCOUNT,2017-10-27,0.01,2017-10-17,2017-10-18,FGG,Interim
,1,2.2C FRANKED@30%; DR P NIL DISCOUNT,2017-10-27,0.022,2017-10-17,2017-10-18,FGX,Interim
,1,2.2C FRANKED@30%; DR P NIL DISCOUNT,2018-04-27,0.022,2018-04-12,2018-04-13,FGX,Final
,0,DRP NIL DISCOUNT,2017-07-21,0.111808,2017-06-29,2017-06-30,FOR,Final
,1,3.75C FRANKED @ 30%;  DRP NIL DISCOUNT,2017-09-13,0.0375,2017-08-17,2017-08-18,FSI,Final
,1,3.75C FRANKED @ 30%;  DRP NIL DISCOUNT,2018-03-13,0.0375,2018-02-26,2018-02-27,FSI,Interim
,1,3C FRANKED @ 30%; DR P,2017-10-06,0.03,2017-09-20,2017-09-21,GC1,Final
,1,1C FRANKED @ 30%; DR P,2018-03-23,0.01,2018-03-07,2018-03-08,GC1,Interim
,0,,2017-08-31,0.03875,2017-06-29,2017-06-30,GDI,Final
,0,,2018-02-28,0.03875,2017-12-28,2017-12-29,GDI,Interim
,0,US 17.6C PER CDI; 15 % W/H TAX,2018-01-18,0.190355,2017-12-19,2017-12-20,GDX,Final
,0,DRP SUSPENDED,2017-08-28,0.132,2017-06-29,2017-06-30,GMG,Final
,0,EST 13.75C,2018-02-26,0.1375,2017-12-28,2017-12-29,GMG,Interim
,0,4.239C TAX DEF; DRP  SUSPENDED,2017-08-31,0.109,2017-06-29,2017-06-30,GOZ,Final
,0,DRP,2018-02-28,0.11,2017-12-28,2017-12-29,GOZ,Interim
,0,DRP SUSPENDED,2017-08-31,0.123,2017-06-29,2017-06-30,GPT,Interim
,0,DRP SUSPENDED,2018-02-28,0.123,2017-12-28,2017-12-29,GPT,Final
,0.5,1.575C FRANKED@30%;  NIL CFI; DRP,2017-11-03,0.0315,2017-10-06,2017-10-09,GVF,Final
,0.5,1.575C FRANKED@30%;  NIL CFI; DRP,2018-05-10,0.0315,2018-04-09,2018-04-10,GVF,Interim
,0,5.665C TAX DEFERRED,2017-09-06,0.099,2017-06-29,2017-06-30,HPI,Final
,0,2.74948C TAX DEFERRE D,2018-03-05,0.098,2017-12-28,2017-12-29,HPI,Interim
,0,US19.0748C PER CDI;  15% W/TAX,2017-07-18,0.2115,2017-06-21,2017-06-22,IAA,Interim
,0,US76.8932C PER CDI;  15% W/TAX,2018-01-23,0.815461,2017-12-22,2017-12-27,IAA,Final
,0,EST 11.2317C FOREIGN  SOURCE; DRP,2017-07-13,0.664884,2017-07-03,2017-07-04,IAF,Final
,0,EST 7.1499C FOREIGN  SOURCE; DRP,2017-10-17,0.627555,2017-10-05,2017-10-06,IAF,Interim
,0,EST 3.2797C FOREIGN  SOURCE; DRP,2018-01-16,0.596925,2018-01-04,2018-01-05,IAF,Interim
,1,0.75C FRANKED@27.5%; DRP SUSPENDED,2017-09-20,0.0075,2017-08-30,2017-08-31,IBC,Interim
,1,1.1C FRANKED@27.5%;D RP SUSPENDED,2018-03-05,0.011,2018-02-15,2018-02-16,IBC,Interim
,0,US15.5914C PER CDI;  15% W/TAX,2017-07-18,0.172876,2017-06-21,2017-06-22,IBK,Final
,0,US51.7714C PER CDI;  15% W/TAX,2018-01-19,0.553949,2017-12-20,2017-12-21,IBK,Interim
,0,DRP SUSPENDED,2017-08-31,0.08,2017-06-29,2017-06-30,IDR,Final
,0,DRP SUSPENDED,2017-11-10,0.041,2017-09-28,2017-09-29,IDR,Interim
,0,DRP SUSPENDED,2018-02-09,0.041,2017-12-28,2017-12-29,IDR,Interim
,0,,2018-05-11,0.041,2018-03-28,2018-03-29,IDR,Interim
,0,US19.1711C PER CDI;  15% W/TAX,2017-07-18,0.212568,2017-06-21,2017-06-22,IEM,Final
,0,US69.6547C PER CDI;  15% W/TAX,2018-01-19,0.745299,2017-12-20,2017-12-21,IEM,Interim
,0,US82.4299C PER CDI;  15% W/TAX,2017-07-18,0.913976,2017-06-21,2017-06-22,IEU,Interim
,0,US30.677C PER CDI; 1 5% W/TAX,2018-01-23,0.325333,2017-12-22,2017-12-27,IEU,Final
,0,DRP,2017-07-13,1.043931,2017-07-03,2017-07-04,IGB,Final
,0,DRP,2017-10-17,0.596724,2017-10-05,2017-10-06,IGB,Interim
,0,DRP,2018-01-16,0.50634,2018-01-04,2018-01-05,IGB,Interim
,0.3,EST 3.4742C FR@30%;1 .0107C CFI;DRP,2017-07-13,0.11755,2017-07-03,2017-07-04,IHD,Final
,0.89,EST 20.6372C FR@30%; 0.5204C CFI;DRP,2017-10-17,0.233173,2017-10-05,2017-10-06,IHD,Interim
,0.8,EST 13.9212C FR@30%; 0.1848C CFI;DRP,2018-01-16,0.17378,2018-01-04,2018-01-05,IHD,Interim
,0,US39.9921C PER CDI;  15% W/TAX,2017-07-18,0.443429,2017-06-21,2017-06-22,IHK,Final
,0,US70.6795C PER CDI;  15% W/TAX,2018-01-19,0.756264,2017-12-20,2017-12-21,IHK,Interim
,0,USD 60.1791C PER CDI ; 15%W/TAX,2017-07-25,0.643991,2017-06-28,2017-06-29,IJH,Interim
,0,US 63.4144C PER CDI;  15%W/TAX,2017-10-24,0.68456,2017-09-27,2017-09-28,IJH,Interim
,0,US49.2508C PER CDI;  15% W/TAX,2018-01-19,0.526979,2017-12-20,2017-12-21,IJH,Interim
,0,US 70.0304C PER CDI;  15%W/TAX; EST $A,2018-04-23,0.773364,2018-03-23,2018-03-26,IJH,Final
,0,US34.8255C PER CDI;  15% W/TAX,2017-07-18,0.386142,2017-06-21,2017-06-22,IJP,Final
,0,US39.9411C PER CDI;  15% W/TAX,2018-01-19,0.427366,2017-12-20,2017-12-21,IJP,Interim
,0,USD 20.6087C PER CDI ; 15%W/TAX,2017-07-25,0.220538,2017-06-28,2017-06-29,IJR,Interim
,0,US 22.6218C PER CDI;  15%W/TAX,2017-10-24,0.244203,2017-09-27,2017-09-28,IJR,Interim
,0,US26.5253C PER CDI;  15% W/TAX,2018-01-19,0.283818,2017-12-20,2017-12-21,IJR,Interim
,0,US 23.8806C PER CDI;  15%W/TAX; EST $A,2018-04-23,0.26372,2018-03-23,2018-03-26,IJR,Final
,0,US217.6242C PER CDI;  15% W/TAX,2018-01-19,2.328558,2017-12-20,2017-12-21,IKO,Interim
,0,DRP,2017-07-13,0.410017,2017-07-03,2017-07-04,ILB,Final
,0,DRP,2017-10-17,0.193764,2017-10-05,2017-10-06,ILB,Interim
,0,DRP,2018-01-16,0.246876,2018-01-04,2018-01-05,ILB,Interim
,0.21,EST 2.6257C FR@30%;1 .8092C CFI;DRP,2017-07-13,0.123495,2017-07-03,2017-07-04,ILC,Final
,0.92,EST 47.8978C FR@30%; 1.2761C CFI;DRP,2017-10-17,0.518664,2017-10-05,2017-10-06,ILC,Interim
,0.87,EST 23.5973C FR@30%; 2.0827C CFI;DRP,2018-01-16,0.272408,2018-01-04,2018-01-05,ILC,Interim
,0,UNFRANKED; NIL CFI;  DRP,2017-09-13,0.051,2017-08-25,2017-08-28,INA,Final
,0,UNFRANKED; NIL CFI;  DRP,2018-03-14,0.051,2018-02-23,2018-02-26,INA,Interim
,0,DRP SUSPENDED,2017-08-31,0.102,2017-06-29,2017-06-30,IOF,Final
,0,DRP SUSPENDED,2018-02-28,0.1015,2017-12-28,2017-12-29,IOF,Interim
,0,US127.0152C PER CDI;  15% W/TAX,2017-07-18,1.408334,2017-06-21,2017-06-22,IOO,Interim
,0,US79.273C PER CDI; 1 5% W/TAX,2018-01-23,0.840699,2017-12-22,2017-12-27,IOO,Final
,0.23,EST 3.7434C FR@30%;  2.3086C CFI; DRP,2017-07-13,0.164569,2017-07-03,2017-07-04,IOZ,Final
,0.85,EST 32.092C FR@30%;  1.4358C CFI; DRP,2017-10-17,0.377022,2017-10-05,2017-10-06,IOZ,Interim
,0.68,EST 11.3247C FR@30%;  1.2957C CFI; DRP,2018-01-16,0.166006,2018-01-04,2018-01-05,IOZ,Interim
,0,UNFRANKED;NIL CFI;DR P SUSPENDED,2018-04-09,0.0375,2018-03-21,2018-03-22,IPE,Interim
,0,USD60.9105C PER CDI;  15% W/TAX,2017-08-03,0.646887,2017-07-07,2017-07-10,IRU,Final
,0,US 34.8518C PER CDI;  15% W/TAX,2017-10-24,0.376226,2017-09-27,2017-09-28,IRU,Interim
,0,US57.93C PER CDI; 15 % W/TAX,2018-01-23,0.614354,2017-12-22,2017-12-27,IRU,Final
,0,US 36.2366C PER CDI;  15%W/TAX; EST $A,2018-04-23,0.40017,2018-03-23,2018-03-26,IRU,Final
,0,US25.7101C PER CDI;  15% W/TAX,2017-07-18,0.285071,2017-06-21,2017-06-22,ISG,Final
,0,US64.0702C PER CDI;  15% W/TAX,2018-01-19,0.685545,2017-12-20,2017-12-21,ISG,Interim
,0.6,EST 3.1813C FRANKED;  0.1393C CFI; DRP,2017-07-13,0.053361,2017-07-03,2017-07-04,ISO,Final
,0.67,EST 3.2089C FRANKED;  0.2296C CFI; DRP,2018-01-16,0.048037,2018-01-04,2018-01-05,ISO,Interim
,0,US101.8906C PER CDI;  15% W/TAX,2018-01-19,1.090219,2017-12-20,2017-12-21,ITW,Interim
,0,US106.1731C PER CDI;  15% W/TAX,2017-07-18,1.177239,2017-06-21,2017-06-22,IVE,Final
,0,US74.2566C PER CDI;  15% W/TAX,2018-01-19,0.794538,2017-12-20,2017-12-21,IVE,Interim
,0,USD 111.6979C PER CD I; 15%W/TAX,2017-07-25,1.195307,2017-06-28,2017-06-29,IVV,Interim
,0,US 128.3922C PER CDI ; 15%W/TAX,2017-10-24,1.385997,2017-09-27,2017-09-28,IVV,Interim
,0,127.2677C PER CDI; 1 5% W/TAX,2018-01-19,1.361752,2017-12-20,2017-12-21,IVV,Interim
,0,US 122.8513C PER CDI ; 15%W/TAX; EST $A,2018-04-23,1.356679,2018-03-23,2018-03-26,IVV,Final
,0,US114.31C PER CDI; 1 5% W/TAX,2017-07-18,1.26746,2017-06-21,2017-06-22,IXI,Interim
,0,US115.7949C PER CDI;  15% W/TAX,2018-01-23,1.228019,2017-12-22,2017-12-27,IXI,Final
,0,US98.7716C PER CDI;  15% W/TAX,2017-07-18,1.095171,2017-06-21,2017-06-22,IXJ,Interim
,0,US66.0648C PER CDI;  15% W/TAX,2018-01-23,0.700625,2017-12-22,2017-12-27,IXJ,Final
,0,US102.6343C PER CDI;  15% W/TAX,2017-07-18,1.138,2017-06-21,2017-06-22,IXP,Interim
,0,US103.5062C PER CDI;  15% W/TAX,2018-01-23,1.097695,2017-12-22,2017-12-27,IXP,Final
,0,US17.5916C PER CDI;  15% W/TAX,2017-07-18,0.195055,2017-06-21,2017-06-22,IZZ,Interim
,0,US89.1811C PER CDI;  15% W/TAX,2018-01-23,0.945776,2017-12-22,2017-12-27,IZZ,Final
,0.75,0.375C FRANKED@30%;N IL CFI; DRP NIL DISC,2017-09-11,0.005,2017-08-16,2017-08-17,KAT,Final
,1,0.5C FRANKED@30%; DR P NIL DISC,2017-11-23,0.005,2017-10-27,2017-10-30,KAT,Interim
,0.6,0.3C FRANKED@30%; NI L CFI; DRP NIL DISC,2018-02-16,0.005,2018-01-23,2018-01-24,KAT,Interim
,0,DRP NIL DISCOUNT,2017-07-19,0.2604,2017-06-29,2017-06-30,KSM,Final
,0,100% TAX DEFERRED;DR P SUSPENDED,2017-09-05,0.1025,2017-06-29,2017-06-30,LEP,Final
,0,100% TAX DEFERRED;DR P SUSPENDED,2018-03-05,0.1035,2017-12-28,2017-12-29,LEP,Interim
,0,SPECIAL,2017-07-17,0.009,2017-06-29,2017-06-30,LTN,Interim
,1,1C FRANKED@30%; DRP  NIL DISCOUNT,2017-11-10,0.01,2017-10-12,2017-10-13,MFF,Final
,1,1.5C FRANKED@30%; DR P NIL DISCOUNT,2018-05-18,0.015,2018-04-27,2018-04-30,MFF,Interim
,0,DRP,2017-07-31,0.05,2017-06-29,2017-06-30,MGE,Final
,0,DRP,2018-01-16,0.03,2017-12-28,2017-12-29,MGG,Interim
,0,DRP SUSPENDED,2017-08-31,0.055,2017-06-29,2017-06-30,MGR,Final
,0,DRP SUSPENDED,2018-02-28,0.05,2017-12-28,2017-12-29,MGR,Interim
,0,DRP,2017-07-31,0.05,2017-06-29,2017-06-30,MHG,Final
,1,10.5C FR@27.5%12.86C  LICCG; 4C SPEC; DRP,2017-08-10,0.105,2017-07-26,2017-07-27,MIR,Final
,1,3.5C FRANKED@27.5%;  DRP,2018-02-15,0.035,2018-01-22,2018-01-23,MIR,Interim
,1,10C FRANKED @ 30%; D RP NIL DISCOUNT,2017-09-05,0.1,2017-08-10,2017-08-11,MLT,Final
,1,8.8C FRANKED @ 30%;  DRP NIL DISCOUNT,2018-03-01,0.088,2018-02-14,2018-02-15,MLT,Interim
,0,UNFRANKED; NIL CFI,2017-09-29,0.1,2017-09-20,2017-09-21,MQA,Final
,0,,2018-04-13,0.12,2018-04-05,2018-04-06,MQA,Interim
,0,1.4C FOREIGN SRC; 6. 55C TAX DEF; DRP,2017-07-18,0.5763,2017-07-03,2017-07-04,MVA,Interim
,0.02,1.0614C FR@30%; 3.38 14C FOREIGN SRC; DRP,2018-01-23,0.58,2018-01-02,2018-01-03,MVA,Final
,0.91,68.3128C FRANKED@30% ; DRP NIL DISCOUNT,2017-07-18,0.749,2017-07-03,2017-07-04,MVB,Interim
,0.87,67.7508C FRANKED@30% ; 4.719C CFI; DRP,2017-12-18,0.78,2017-12-01,2017-12-04,MVB,Interim
,0.73,40.685C FRANKED@30%;  2.559C CFI; DRP,2017-07-18,0.5601,2017-07-03,2017-07-04,MVE,Interim
,0.58,25.929C FRANKED@30%;  3.1905C CFI; DRP,2018-01-23,0.45,2018-01-02,2018-01-03,MVE,Final
,0.86,20.698C FRANKED@30%;  2.47C CFI; DRP,2017-07-18,0.242,2017-07-03,2017-07-04,MVR,Interim
,0.5,23.808C FRANKED@30%; 1.7184C CFI; DRP,2018-01-23,0.48,2018-01-02,2018-01-03,MVR,Final
,0.72,19.547C FRANKED@30%;  1.21C CFI; DRP,2017-07-18,0.2721,2017-07-03,2017-07-04,MVS,Interim
,0.62,21.5425C FRANKED@30% ; 1.5995C CFI; DRP,2018-01-23,0.35,2018-01-02,2018-01-03,MVS,Final
,0.55,17.457C FRANKED@30%;  2.57C CFI; DRP,2017-07-18,0.3146,2017-07-03,2017-07-04,MVW,Interim
,0.51,27.6804C FRANKED@30% ; 5.4702C CFI; DRP,2018-01-23,0.54,2018-01-02,2018-01-03,MVW,Final
,0,DRP SUSPENDED,2018-01-12,0.02186,2017-12-29,2018-01-02,MXT,Final
,0,,2018-02-08,0.0081,2018-01-31,2018-02-01,MXT,Interim
,0,DRP NIL DISCOUNT,2018-03-08,0.0073,2018-02-28,2018-03-01,MXT,Interim
,0,EST 0.81C; DRP NIL D ISCOUNT,2018-04-10,0.0081,2018-03-29,2018-04-03,MXT,Interim
,1,2.5C FRANKED@30%;DRP  NIL DISCOUNT,2017-11-08,0.025,2017-10-23,2017-10-24,NAC,Final
,1,2.75C FRANKED@30%;DR P NIL DISCOUNT,2018-04-06,0.0275,2018-03-19,2018-03-20,NAC,Interim
,1,3.5C FRANKED @30%; D RP NIL DISCOUNT,2017-11-01,0.035,2017-10-16,2017-10-17,NCC,Final
,1,3.75C FRANKED @30%;  DRP NIL DISCOUNT,2018-03-28,0.0375,2018-03-12,2018-03-13,NCC,Interim
,0,DRP NIL DISCOUNT,2017-07-18,0.03552,2017-07-03,2017-07-04,NDQ,Final
,0,100% FOREIGN SOURCE;  DRP,2018-01-17,0.022682,2018-01-02,2018-01-03,NDQ,Interim
,0.5,1.95C FRANKED @30%;  NIL CFI; DRP,2017-10-13,0.039,2017-10-03,2017-10-04,NSC,Final
,1,2.5C FRANKED @30%; D RP NIL DIS,2018-03-29,0.025,2018-03-13,2018-03-14,NSC,Interim
,0,DRP,2017-08-30,0.046,2017-06-29,2017-06-30,NSR,Final
,0,EST 4.7C; DRP,2018-02-26,0.047,2017-12-28,2017-12-29,NSR,Interim
,1,0.9C FRANKED @ 27.5% ; SPECIAL,2017-09-29,0.009,2017-09-21,2017-09-22,OEQ,Interim
,0.63,16.4229C FR@34.1511% ; 2.0170C CFI; DRP,2017-07-11,0.261538,2017-06-29,2017-06-30,OZF,Final
,0.95,74.3564C FR@30.8615% ; 3.5652C CFI; DRP,2018-01-11,0.743564,2017-12-28,2017-12-29,OZF,Interim
,1,0.25C FRANKED @30%;  DRP,2017-08-24,0.0025,2017-08-07,2017-08-08,OZG,Final
,1,0.25C FRANKED @30%;  DRP,2018-02-20,0.0025,2018-01-31,2018-02-01,OZG,Interim
,0.9,11.1019C FR@31.4009% ; 1.033C CFI; DRP,2017-07-11,0.123609,2017-06-29,2017-06-30,OZR,Final
,0.96,8.8612C FR@32.9129%;  0.0755C CFI; DRP,2018-01-11,0.092183,2017-12-28,2017-12-29,OZR,Interim
,1,2.5C FRANKED @27.5%;  DRP NIL DISCOUNT,2017-10-05,0.025,2017-09-13,2017-09-14,PAF,Final
,1,2.5C FRANKED @27.5%;  DRP NIL DISCOUNT,2018-04-05,0.025,2018-03-14,2018-03-15,PAF,Interim
,1,1C FRANKED @ 30%; DR P,2017-09-13,0.01,2017-08-22,2017-08-23,PAI,Final
,1,4C FRANKED @ 30%; DR P,2018-03-19,0.04,2018-03-02,2018-03-05,PAI,Interim
,1,1.8C FRANKED @ 30%;  DRP NIL DISCOUNT,2017-09-28,0.018,2017-09-06,2017-09-07,PGF,Final
,1,1.8C FRANKED @ 30%;  DRP NIL DISCOUNT,2018-03-29,0.018,2018-03-07,2018-03-08,PGF,Interim
,1,3.5C FRANKED @ 30%;  DRP NIL DISCOUNT,2017-10-06,0.035,2017-09-21,2017-09-22,PIA,Final
,1,3.5C FRANKED @ 30%;  DRP NIL DISCOUNT,2018-04-30,0.035,2018-04-12,2018-04-13,PIA,Interim
,1,2.5C FRANKED @ 30%;  DRP,2017-09-08,0.025,2017-08-23,2017-08-24,PIC,Final
,1,3C FRANKED @ 30%; DR P,2018-04-11,0.03,2018-03-20,2018-03-21,PIC,Interim
,1,0.45C FRANKED@27.5%,2017-10-31,0.0045,2017-10-16,2017-10-17,PL8,Interim
,1,0.45C FRANKED@27.5%,2017-11-30,0.0045,2017-11-15,2017-11-16,PL8,Interim
,1,0.45C FRANKED@27.5%,2017-12-29,0.0045,2017-12-13,2017-12-14,PL8,Interim
,1,0.45C FRANKED@27.5%,2018-01-31,0.0045,2018-01-16,2018-01-17,PL8,Interim
,1,0.45C FRANKED@27.5%,2018-02-28,0.0045,2018-02-13,2018-02-14,PL8,Interim
,1,0.45C FRANKED@27.5%,2018-03-29,0.0045,2018-03-14,2018-03-15,PL8,Interim
,0,,2017-09-04,0.0362,2017-06-29,2017-06-30,PLG,Final
,0,EST 3.6C,2018-03-06,0.036,2017-12-28,2017-12-29,PLG,Interim
,1,6C FRANKED @30%; DRP,2017-09-11,0.06,2017-08-22,2017-08-23,PMC,Final
,1,4C FRANKED @30%; DRP,2018-03-13,0.04,2018-02-23,2018-02-26,PMC,Interim
,0,DRP NIL DISCOUNT,2017-07-18,0.129613,2017-07-03,2017-07-04,QFN,Final
,0.96,EST 30.9834C FRANKED ; 1.2374C CFI; DRP,2018-01-17,0.32308,2018-01-02,2018-01-03,QFN,Interim
,0,DRP NIL DISCOUNT,2017-07-18,0.253253,2017-07-03,2017-07-04,QOZ,Final
,0.84,EST 24.5443C FRANKED ; 1.8773C CFI; DRP,2018-01-17,0.290602,2018-01-02,2018-01-03,QOZ,Interim
,0,DRP NIL DISCOUNT,2017-07-18,0.056759,2017-07-03,2017-07-04,QRE,Final
,0.97,EST 1.7425C FRANKED;  0.012423C CFI; DRP,2018-01-17,0.018004,2018-01-02,2018-01-03,QRE,Interim
,0,DRP NIL DISCOUNT,2017-07-18,0.482987,2017-07-03,2017-07-04,QUS,Final
,0,EST21.9044C FOREIGN  SRC;DRP NIL DISCOUNT,2018-01-17,0.219044,2018-01-02,2018-01-03,QUS,Interim
,1,2C FRANKED @27.5%; D RP,2017-10-31,0.02,2017-10-02,2017-10-03,QVE,Final
,1,2.1C FRANKED @27.5%;  DRP,2018-04-04,0.021,2018-03-16,2018-03-19,QVE,Interim
,0,6.4609C TAX DEFERRED ;DRP NIL DISCOUNT,2017-07-14,0.276509,2017-06-29,2017-06-30,RCB,Final
,0,DRP NIL DISCOUNT,2017-10-16,0.185549,2017-09-29,2017-10-02,RCB,Interim
,0,DRP NIL DISCOUNT,2018-01-16,0.183403,2017-12-29,2018-01-02,RCB,Interim
,0,EST 17.6384C; DRP,2018-04-17,0.176384,2018-03-29,2018-04-03,RCB,Interim
,0.53,31.8365C FR@32.1357% ; 1.3014C CFI; DRP,2017-07-14,0.598934,2017-06-29,2017-06-30,RDV,Final
,0.95,52.6449C FR@30.9473% ; 1.8243C CFI; DRP,2017-10-16,0.553998,2017-09-29,2017-10-02,RDV,Interim
,0.88,29.7948C FR@31.2419% ; 0.8946C CFI; DRP,2018-01-16,0.337259,2017-12-29,2018-01-02,RDV,Interim
,0,EST 40.9382C; DRP NI L DISCOUNT,2018-04-17,0.409382,2018-03-29,2018-04-03,RDV,Interim
,0,EST 1.571C TAX DEFER RED; DRP,2017-07-31,0.0241,2017-06-29,2017-06-30,RFF,Final
,0,EST 2.5075C; DRP,2017-10-31,0.025075,2017-09-28,2017-09-29,RFF,Interim
,0,EST 2.5075C; EST 2.2 5C TAX DEFERRED; DRP,2018-01-31,0.025075,2017-12-28,2017-12-29,RFF,Interim
,0,EST 2.5075C; DRP,2018-04-30,0.025075,2018-03-28,2018-03-29,RFF,Interim
,0,2.2571C TAX DEFERRED ;DRP NIL DISCOUNT,2017-07-14,0.225183,2017-06-29,2017-06-30,RGB,Final
,0,DRP NIL DISCOUNT,2017-10-16,0.116842,2017-09-29,2017-10-02,RGB,Interim
,0,DRP NIL DISCOUNT,2018-01-16,0.155886,2017-12-29,2018-01-02,RGB,Interim
,0,EST 8.8575C; DRP NIL  DISCOUNT,2018-04-17,0.088575,2018-03-29,2018-04-03,RGB,Interim
,0,DRP NIL DISCOUNT,2017-07-14,0.161397,2017-06-29,2017-06-30,RSM,Final
,0,DRP NIL DISCOUNT,2017-10-16,0.106173,2017-09-29,2017-10-02,RSM,Interim
,0,DRP NIL DISCOUNT,2018-01-16,0.127079,2017-12-29,2018-01-02,RSM,Interim
,0,EST 10.3291C;DRP NIL  DISCOUNT,2018-04-17,0.103291,2018-03-29,2018-04-03,RSM,Interim
,0.79,24.9638C FR@32.0168% ; 1.7506C CFI; DRP,2017-07-14,0.314019,2017-06-29,2017-06-30,RVL,Final
,0.9,91.6466C FR@30.9984% ; 6.1004C CFI; DRP,2018-01-16,1.018487,2017-12-29,2018-01-02,RVL,Interim
,1,1C FRANKED @ 27.5%,2018-04-09,0.01,2018-03-22,2018-03-23,RYD,Interim
,0,3.933558C FOREIGN SO URCE,2017-08-31,0.1086,2017-08-11,2017-08-14,SCG,Interim
,0.22,2.35C FRANKED @ 30%;  NIL CFI,2018-02-28,0.1087,2018-02-13,2018-02-14,SCG,Final
,0,DRP,2017-08-31,0.067,2017-06-29,2017-06-30,SCP,Final
,0,DRP,2018-01-29,0.068,2017-12-28,2017-12-29,SCP,Interim
,0.33,22.616C FR@32.9626%;  5.28C CFI; DRP,2017-07-11,0.681934,2017-06-29,2017-06-30,SFY,Final
,0.89,84.3922C FR@30.8658% ; 6.3C CFI; DRP,2017-10-11,0.952037,2017-09-28,2017-09-29,SFY,Interim
,0.86,42.7113C FR@32.3038% ; 5.7893C CFI; DRP,2018-01-11,0.495353,2017-12-28,2017-12-29,SFY,Interim
,0.73,38.3978C FR@30.8455% ; 2.179C CFI; DRP,2018-04-12,0.526257,2018-03-28,2018-03-29,SFY,Interim
,0,DRP,2017-08-31,0.129,2017-06-29,2017-06-30,SGP,Final
,0,DRP SUSPENDED,2018-02-28,0.13,2017-12-28,2017-12-29,SGP,Interim
,0,3.5CINT PER LN NT; D RP SUSP,2017-09-15,0.07625,2017-09-05,2017-09-06,SKI,Interim
,0,3.55C INT PER LN NT;  DRP SUSP,2018-03-15,0.07625,2018-03-05,2018-03-06,SKI,Final
,0,0.63717C TAX DEF,2017-08-29,0.178991,2017-06-29,2017-06-30,SLF,Final
,0,0.000225C FR@36.16%; NIL CFI;2.3C TAXDEF,2017-11-28,0.083338,2017-09-28,2017-09-29,SLF,Interim
,0,0.3631C FOREIGN SOUR CE; 5.2845C TAX DEF,2018-03-01,0.131432,2017-12-28,2017-12-29,SLF,Interim
,0,4.1933C FOREIGN SRC;  2.7927C TAX DEF,2018-05-28,0.100169,2018-03-28,2018-03-29,SLF,Interim
,1,3.5C FRANKED@27.5%;  DRP SUSPENDED,2017-11-02,0.035,2017-10-23,2017-10-24,SNC,Final
,1,3.5C FRANKED@27.5%;  DRP SUSPENDED,2018-05-18,0.035,2018-05-08,2018-05-09,SNC,Interim
,0,USD 1.234574; 15% W/ H TAX,2017-11-13,1.343601,2017-09-15,2017-09-18,SPY,Interim
,0,USD 1.351333; 15% W/ H TAX; EST$A,2018-02-12,1.498347,2017-12-15,2017-12-18,SPY,Interim
,0,USD 1.096775; 15% W/ H TAX; EST$A,2018-05-10,1.196738,2018-03-16,2018-03-19,SPY,Interim
,0.44,9.6903C FR@33.4469%;  0.4333C CFI; DRP,2017-07-11,0.220053,2017-06-29,2017-06-30,SSO,Final
,0.75,10.889C FR@34.9645%;  0.8094C CFI; DRP,2018-01-11,0.144726,2017-12-28,2017-12-29,SSO,Interim
,0.36,20.564C FR@31.8754%;  3.88C CFI; DRP,2017-07-11,0.570981,2017-06-29,2017-06-30,STW,Final
,0.88,74.419C FR@30.6755%;  5.62C CFI; DRP,2017-10-11,0.847868,2017-09-28,2017-09-29,STW,Interim
,0.83,41.7289C FR@31.2195% ; 5.4101C CFI; DRP,2018-01-11,0.500337,2017-12-28,2017-12-29,STW,Interim
,0.7,37.007C FR@31.0428%;  2.05C CFI; DRP,2018-04-12,0.529824,2018-03-28,2018-03-29,STW,Interim
,0,DRP NIL DISCOUNT,2017-08-14,0.165,2017-06-29,2017-06-30,SYD,Interim
,0,DRP NIL DISCOUNT,2018-02-14,0.18,2017-12-28,2017-12-29,SYD,Final
,0.63,12.7609C FR@33.1868% ; 0.0858C CFI; DRP,2017-07-11,0.204124,2017-06-29,2017-06-30,SYI,Final
,0.91,49.488C FR@30.9939%;  3.522C CFI; DRP,2017-10-11,0.542039,2017-09-28,2017-09-29,SYI,Interim
,0.88,32.4029C FR@32.2847% ; 2.9598C CFI; DRP,2018-01-11,0.369683,2017-12-28,2017-12-29,SYI,Interim
,0.81,20.376C FR@31.3649%; 0.0335C CFI; DRP,2018-04-12,0.252682,2018-03-28,2018-03-29,SYI,Interim
,0.13,3.5C FRANKED @ 30%;  DRP NIL DISCOUNT,2017-08-11,0.265,2017-06-29,2017-06-30,TCL,Final
,0.09,2.5C FRANKED @ 30%;  DRP NIL DISCOUNT,2018-02-16,0.28,2017-12-28,2017-12-29,TCL,Interim
,1,4.5C FRANKED@30%;4.5 C LIC CG;DRP SUSP,2017-09-22,0.045,2017-09-07,2017-09-08,TGG,Final
,0,DRP SUSPENDED,2017-07-27,0.01625,2017-06-29,2017-06-30,TGP,Final
,0,EST 0.75C; DRP SUSPE NDED,2017-10-26,0.0075,2017-09-28,2017-09-29,TGP,Interim
,0,EST 0.75C; DRP SUSPE NDED,2018-01-30,0.0075,2017-12-28,2017-12-29,TGP,Interim
,0,EST 2C; DRP,2018-04-26,0.02,2018-03-28,2018-03-29,TGP,Interim
,1,0.65C FRANKED @ 27.5 %; DRP NIL DISCOUNT,2017-10-04,0.0065,2017-09-13,2017-09-14,TOP,Final
,1,0.6C FRANKED @ 27.5% ; DRP NIL DISCOUNT,2018-04-04,0.006,2018-03-14,2018-03-15,TOP,Interim
,0,2.4C SPECIAL,2017-07-27,0.048,2017-06-29,2017-06-30,TOT,Final
,0,EST 2.25C,2017-10-26,0.0225,2017-09-28,2017-09-29,TOT,Interim
,0,EST 2.25C,2018-01-25,0.0225,2017-12-28,2017-12-29,TOT,Interim
,0,EST 2.25C,2018-04-24,0.0225,2018-03-28,2018-03-29,TOT,Interim
,0.68,17.8183C FR@30%;2.58 8C CFI;DRP NIL DISC,2017-07-14,0.263647,2017-06-29,2017-06-30,UBA,Final
,0.85,46.3536C FR@30%;4.18 05C CFI;DRP NIL DISC,2018-01-15,0.543467,2017-12-28,2017-12-29,UBA,Interim
,0,100% FOREIGN SOURCE;  DRP NIL DISCOUNT,2017-07-14,0.518105,2017-06-29,2017-06-30,UBE,Final
,0,100% FOREIGN SOURCE;  DRP NIL DISCOUNT,2017-07-14,0.322853,2017-06-29,2017-06-30,UBJ,Final
,0,5.615C FOREIGN SOURC E; DRP NIL DISCOUNT,2017-07-14,0.081552,2017-06-29,2017-06-30,UBP,Final
,0,43.6055C FOREIGN SOU RCE;DRP NIL DISCOUNT,2017-07-14,0.481682,2017-06-29,2017-06-30,UBU,Final
,0,41.7437C FOREIGN SOU RCE;DRP NIL DISCOUNT,2017-07-14,0.429285,2017-06-29,2017-06-30,UBW,Final
,1,0.5C FRANKED @ 27.5% ; DRP NIL DISCOUNT,2018-03-26,0.005,2018-03-01,2018-03-02,URB,Interim
,0,DRP,2017-08-01,0.05,2017-06-29,2017-06-30,URF,Interim
,0,DRP,2018-02-05,0.05,2017-12-28,2017-12-29,URF,Final
,0,DRP NIL DISCOUNT,2017-07-18,0.021571,2017-07-03,2017-07-04,USD,Final
,0,50.8078C FOREIGN SOU RCE; DRP,2017-07-18,0.898775,2017-07-03,2017-07-04,VAE,Final
,0,66.788C FOREIGN SOUR CE; DRP,2017-10-17,0.690459,2017-10-02,2017-10-03,VAE,Interim
,0,9.2686C FOREIGN SOUR CE; DRP,2018-01-17,0.207443,2018-01-02,2018-01-03,VAE,Interim
,0,3.1429C FOREIGN SRC;  DRP,2017-07-18,0.359191,2017-07-03,2017-07-04,VAF,Final
,0,5.732442C FOREIGN SR C; DRP,2017-10-17,0.28981,2017-10-02,2017-10-03,VAF,Interim
,0,3.0792C FOREIGN SRC;  DRP,2018-01-17,0.425302,2018-01-02,2018-01-03,VAF,Interim
,0,100% TAX DEFERRED; D RP,2017-07-18,0.655181,2017-07-03,2017-07-04,VAP,Final
,0,0.013497C FR@30%;21. 807C FOR SRC;DRP,2017-10-17,0.449916,2017-10-02,2017-10-03,VAP,Interim
,0,DRP,2018-01-17,0.155321,2018-01-02,2018-01-03,VAP,Interim
,0.64,28.9381C FRANKED@30% ; 5.851C CFI; DRP,2017-07-18,0.452866,2017-07-03,2017-07-04,VAS,Final
,0.86,86.9393C FRANKED@30% ; 3.4098C CFI; DRP,2017-10-17,1.008811,2017-10-02,2017-10-03,VAS,Interim
,0.84,57.2439C FRANKED@30% ; 2.3222C CFI; DRP,2018-01-17,0.680989,2018-01-02,2018-01-03,VAS,Interim
,0,0.0581C FOREIGN SRC;  DRP,2017-07-18,1.161793,2017-07-03,2017-07-04,VCF,Final
,0,22.61C FOREIGN SRC;  DRP,2017-10-17,1.306183,2017-10-02,2017-10-03,VCF,Interim
,0,38.3603C FOREIGN SRC ; DRP,2018-01-17,0.395875,2018-01-02,2018-01-03,VCF,Interim
,0,,2017-08-30,0.086,2017-06-29,2017-06-30,VCX,Final
,0,,2018-02-28,0.081,2017-12-28,2017-12-29,VCX,Interim
,0,100% FOREIGN SOURCE;  DRP,2017-07-18,0.572474,2017-07-03,2017-07-04,VEQ,Final
,0,15.418737C FOREIGN S OURCE; DRP,2017-10-17,0.154419,2017-10-02,2017-10-03,VEQ,Interim
,0,24.8525C FOREIGN SOU RCE; DRP,2018-01-17,0.248699,2018-01-02,2018-01-03,VEQ,Interim
,0,USD 54.1C PER CDI; 1 5% W/H TAX,2017-07-20,0.59245,2017-06-22,2017-06-23,VEU,Interim
,0,USD 46.29C PER CDI;  15% W/H TAX,2018-01-23,0.49215,2017-12-21,2017-12-22,VEU,Final
,0,US15.63C PER CDI; 15 % W/H TAX; EST$A,2018-04-26,0.171559,2018-03-26,2018-03-27,VEU,Interim
,0,DRP,2017-07-18,0.34969,2017-07-03,2017-07-04,VGB,Final
,0,DRP,2017-10-17,0.257579,2017-10-02,2017-10-03,VGB,Interim
,0,DRP,2018-01-17,0.354627,2018-01-02,2018-01-03,VGB,Interim
,0,100% FOREIGN SOURCE;  DRP,2017-07-18,0.26331,2017-07-03,2017-07-04,VGE,Final
,0,54.6074C FOREIGN SRC ; DRP,2017-10-17,0.555631,2017-10-02,2017-10-03,VGE,Interim
,0,22.5539C FOREIGN SRC ; DRP,2018-01-17,0.235353,2018-01-02,2018-01-03,VGE,Interim
,0,50.4783C FOREIGN SOU RCE; DRP,2017-07-18,0.985136,2017-07-03,2017-07-04,VGS,Final
,0,23.71236C FOREIGN SO URCE; DRP,2017-10-17,0.237575,2017-10-02,2017-10-03,VGS,Interim
,0,30.3391C FOREIGN SOU RCE; DRP,2018-01-17,0.303604,2018-01-02,2018-01-03,VGS,Interim
,0.17,28.1525C FRANKED@30% ;1.924C CFI;DRP,2017-07-18,1.6878,2017-07-03,2017-07-04,VHY,Final
,0.94,121.757C FRANKED@30% ;3.18C CFI;DRP,2017-10-17,1.298604,2017-10-02,2017-10-03,VHY,Interim
,0.9,59.7638C FRANKED@30% ; 0.3331C CFI; DRP,2018-01-17,0.666263,2018-01-02,2018-01-03,VHY,Interim
,0,DRP,2017-07-18,0.652296,2017-07-03,2017-07-04,VIF,Final
,0,14.6149C FOREIGN SRC ; DRP,2017-10-17,1.109713,2017-10-02,2017-10-03,VIF,Interim
,0,23.8741C FOREIGN SRC ; DRP,2018-01-17,0.253602,2018-01-02,2018-01-03,VIF,Interim
,0.78,26.483C FRANKED@30%; 1.56C TAX DEF;DRP,2017-07-18,0.337841,2017-07-03,2017-07-04,VLC,Final
,0.91,108.518C FR@30%; 2.5 367C CFI; DRP,2017-10-17,1.19094,2017-10-02,2017-10-03,VLC,Interim
,0.89,51.7953C FR@30%; 6.2 719C CFI; DRP,2018-01-17,0.582887,2018-01-02,2018-01-03,VLC,Interim
,0.27,38.7569C FRANKED@30% ;9.16C TAXDEF;DRP,2017-07-18,1.442925,2017-07-03,2017-07-04,VSO,Final
,0.77,44.2571C FR@30%; 2.4 728C CFI; DRP,2018-01-17,0.573724,2018-01-02,2018-01-03,VSO,Interim
,0,USD 57.5C PER CDI; 1 5% W/H TAX,2017-07-20,0.62985,2017-06-22,2017-06-23,VTS,Interim
,0,USD 55.3C PER CDI; 1 5% W/H TAX,2017-10-20,0.59415,2017-09-22,2017-09-25,VTS,Interim
,0,USD 67.3C PER CDI;15 % W/H TAX,2018-01-23,0.7157,2017-12-21,2017-12-22,VTS,Final
,0,US 56.61C PER CDI; 1 5% W/H TAX; EST$A,2018-04-23,0.624672,2018-03-22,2018-03-23,VTS,Interim
,0,2.52842C TAX DEFERRE D,2017-08-11,0.066,2017-07-25,2017-07-26,VVR,Interim
,0,,2018-02-15,0.066,2018-01-31,2018-02-01,VVR,Final
,1,2.75C FRANKED @30%;  DRP,2017-10-27,0.0275,2017-10-17,2017-10-18,WAA,Final
,1,2.85C FRANKED @30%;  DRP,2018-04-27,0.0285,2018-04-12,2018-04-13,WAA,Interim
,1,7.5C FRANKED @ 30%;  DRP,2017-10-27,0.075,2017-10-17,2017-10-18,WAM,Final
,1,7.75C FRANKED @ 30%;  DRP,2018-04-27,0.0775,2018-04-12,2018-04-13,WAM,Interim
,1,4.5C FRANKED @30%; D RP,2017-10-27,0.045,2017-10-17,2017-10-18,WAX,Final
,1,4.75C FRANKED @30%;  DRP,2018-04-27,0.0475,2018-04-12,2018-04-13,WAX,Interim
,1,1C FRANKED @ 27.5%;  DRP,2017-09-29,0.01,2017-09-08,2017-09-11,WDE,Final
,1,2C FRANKED @ 27.5%;  DRP,2018-04-20,0.02,2018-03-28,2018-03-29,WDE,Interim
,0,US12.75C; AUD9.8163C  TAX DEF; 5.25 FRN S,2017-08-31,0.161556,2017-08-11,2017-08-14,WFD,Interim
,0,US12.75C;AUD12.03C T AX DEF;3.33C FRN SRC,2018-02-28,0.162545,2018-02-13,2018-02-14,WFD,Final
,1,8.75C FRANKED@30%; D RP & BSP,2017-12-12,0.0875,2017-11-24,2017-11-27,WHF,Interim
,1,3C FRANKED @30%; DRP,2017-08-24,0.03,2017-08-07,2017-08-08,WIC,Final
,1,3C FRANKED @30%; DRP,2018-02-20,0.03,2018-01-31,2018-02-01,WIC,Interim
,1,2C FRANKED@30%; DRP  NIL DISCOUNT,2017-12-05,0.02,2017-11-23,2017-11-24,WLE,Final
,1,2.5C FRANKED@30%; DR P NIL DISCOUNT,2018-04-27,0.025,2018-04-12,2018-04-13,WLE,Interim
,1,2C FRANKED @ 30%; DR P,2018-04-27,0.02,2018-04-12,2018-04-13,WMI,Interim
,1,2.5C FRANKED @30%; D RP,2017-10-31,0.025,2017-10-04,2017-10-05,WMK,Final
,1,1C FRANKED @30%; DRP  SUSPENDED,2018-04-24,0.01,2018-04-09,2018-04-10,WMK,Interim